"Step","../output/proxy_alpacmygavel.json - train/loss","../output/proxy_alpacmygavel.json - train/loss__MIN","../output/proxy_alpacmygavel.json - train/loss__MAX"
"0","2.309","2.309","2.309"
"1","2.3678","2.3678","2.3678"
"2","2.3229","2.3229","2.3229"
"3","2.2601","2.2601","2.2601"
"4","2.141","2.141","2.141"
"5","2.1185","2.1185","2.1185"
"6","2.0399","2.0399","2.0399"
"7","2.0031","2.0031","2.0031"
"8","1.9348","1.9348","1.9348"
"9","1.8835","1.8835","1.8835"
"10","1.8905","1.8905","1.8905"
"11","1.8303","1.8303","1.8303"
"12","1.8038","1.8038","1.8038"
"13","1.7708","1.7708","1.7708"
"14","1.7136","1.7136","1.7136"
"15","1.6387","1.6387","1.6387"
"16","1.6667","1.6667","1.6667"
"17","1.6124","1.6124","1.6124"
"18","1.5281","1.5281","1.5281"
"19","1.5326","1.5326","1.5326"
"20","1.5444","1.5444","1.5444"
"21","1.4908","1.4908","1.4908"
"22","1.5516","1.5516","1.5516"
"23","1.5022","1.5022","1.5022"
"24","1.4886","1.4886","1.4886"
"25","1.4859","1.4859","1.4859"
"26","1.4885","1.4885","1.4885"
"27","1.4903","1.4903","1.4903"
"28","1.4795","1.4795","1.4795"
"29","1.4481","1.4481","1.4481"
"30","1.4318","1.4318","1.4318"
"31","1.4445","1.4445","1.4445"
"32","1.3747","1.3747","1.3747"
"33","1.3582","1.3582","1.3582"
"34","1.3723","1.3723","1.3723"
"35","1.372","1.372","1.372"
"36","1.2873","1.2873","1.2873"
"37","1.3058","1.3058","1.3058"
"38","1.2909","1.2909","1.2909"
"39","1.2421","1.2421","1.2421"
"40","1.2826","1.2826","1.2826"
"41","1.2529","1.2529","1.2529"
"42","1.2631","1.2631","1.2631"
"43","1.2519","1.2519","1.2519"
"44","1.256","1.256","1.256"
"45","1.2013","1.2013","1.2013"
"46","1.2186","1.2186","1.2186"
"47","1.2001","1.2001","1.2001"
"48","1.2224","1.2224","1.2224"
"49","1.2388","1.2388","1.2388"
"50","1.214","1.214","1.214"
"51","1.2572","1.2572","1.2572"
"52","1.2775","1.2775","1.2775"
"53","1.1968","1.1968","1.1968"
"54","1.1152","1.1152","1.1152"
"55","1.0276","1.0276","1.0276"
"56","1.009","1.009","1.009"
"57","1.0608","1.0608","1.0608"
"58","1.0161","1.0161","1.0161"
"59","1.0556","1.0556","1.0556"
"60","1.04","1.04","1.04"
"61","0.9941","0.9941","0.9941"
"62","1.047","1.047","1.047"
"63","0.966","0.966","0.966"
"64","0.9872","0.9872","0.9872"
"65","0.9935","0.9935","0.9935"
"66","0.9889","0.9889","0.9889"
"67","0.9833","0.9833","0.9833"
"68","0.9667","0.9667","0.9667"
"69","1.005","1.005","1.005"
"70","0.9636","0.9636","0.9636"
"71","0.9715","0.9715","0.9715"
"72","0.9044","0.9044","0.9044"
"73","0.7959","0.7959","0.7959"
"74","0.8077","0.8077","0.8077"
"75","0.7837","0.7837","0.7837"
"76","0.7713","0.7713","0.7713"
"77","0.7572","0.7572","0.7572"
"78","0.7505","0.7505","0.7505"
"79","0.7534","0.7534","0.7534"
"80","0.7146","0.7146","0.7146"
"81","0.7459","0.7459","0.7459"
"82","0.7123","0.7123","0.7123"
"83","0.7593","0.7593","0.7593"
"84","0.7506","0.7506","0.7506"
"85","0.7153","0.7153","0.7153"
"86","0.7611","0.7611","0.7611"
"87","0.7247","0.7247","0.7247"
"88","0.7466","0.7466","0.7466"
"89","0.7195","0.7195","0.7195"
"90","0.6162","0.6162","0.6162"
"91","0.5465","0.5465","0.5465"
"92","0.5472","0.5472","0.5472"
"93","0.5304","0.5304","0.5304"
"94","0.5219","0.5219","0.5219"
"95","0.5257","0.5257","0.5257"
"96","0.5032","0.5032","0.5032"
"97","0.5124","0.5124","0.5124"
"98","0.4894","0.4894","0.4894"
"99","0.4648","0.4648","0.4648"
"100","0.4889","0.4889","0.4889"
"101","0.4506","0.4506","0.4506"
"102","0.4675","0.4675","0.4675"
"103","0.4933","0.4933","0.4933"
"104","0.4906","0.4906","0.4906"
"105","0.4881","0.4881","0.4881"
"106","0.502","0.502","0.502"
"107","0.462","0.462","0.462"
"108","0.3883","0.3883","0.3883"
"109","0.3261","0.3261","0.3261"
"110","0.3214","0.3214","0.3214"
"111","0.3124","0.3124","0.3124"
"112","0.3033","0.3033","0.3033"
"113","0.2999","0.2999","0.2999"
"114","0.2893","0.2893","0.2893"
"115","0.2988","0.2988","0.2988"
"116","0.2798","0.2798","0.2798"
"117","0.2793","0.2793","0.2793"
"118","0.2893","0.2893","0.2893"
"119","0.2743","0.2743","0.2743"
"120","0.2925","0.2925","0.2925"
"121","0.2827","0.2827","0.2827"
"122","0.2923","0.2923","0.2923"
"123","0.2855","0.2855","0.2855"
"124","0.2746","0.2746","0.2746"
"125","0.2791","0.2791","0.2791"
"126","0.2339","0.2339","0.2339"
"127","0.1724","0.1724","0.1724"
"128","0.1731","0.1731","0.1731"
"129","0.1735","0.1735","0.1735"
"130","0.1694","0.1694","0.1694"
"131","0.1616","0.1616","0.1616"
"132","0.1599","0.1599","0.1599"
"133","0.1543","0.1543","0.1543"
"134","0.1562","0.1562","0.1562"
"135","0.1511","0.1511","0.1511"
"136","0.1457","0.1457","0.1457"
"137","0.151","0.151","0.151"
"138","0.1538","0.1538","0.1538"
"139","0.1594","0.1594","0.1594"
"140","0.1602","0.1602","0.1602"
"141","0.1527","0.1527","0.1527"
"142","0.145","0.145","0.145"
"143","0.1612","0.1612","0.1612"
"144","0.1183","0.1183","0.1183"
"145","0.0892","0.0892","0.0892"
"146","0.083","0.083","0.083"
"147","0.0858","0.0858","0.0858"
"148","0.0805","0.0805","0.0805"
"149","0.0851","0.0851","0.0851"
"150","0.0853","0.0853","0.0853"
"151","0.084","0.084","0.084"
"152","0.0736","0.0736","0.0736"
"153","0.0822","0.0822","0.0822"
"154","0.0799","0.0799","0.0799"
"155","0.0791","0.0791","0.0791"
"156","0.0844","0.0844","0.0844"
"157","0.0884","0.0884","0.0884"
"158","0.0871","0.0871","0.0871"
"159","0.0857","0.0857","0.0857"
"160","0.0889","0.0889","0.0889"
"161","0.0866","0.0866","0.0866"
"162","0.0698","0.0698","0.0698"
"163","0.0504","0.0504","0.0504"
"164","0.0453","0.0453","0.0453"
"165","0.0451","0.0451","0.0451"
"166","0.0486","0.0486","0.0486"
"167","0.0534","0.0534","0.0534"
"168","0.0473","0.0473","0.0473"
"169","0.0497","0.0497","0.0497"
"170","0.0496","0.0496","0.0496"
"171","0.0522","0.0522","0.0522"
"172","0.0534","0.0534","0.0534"
"173","0.0515","0.0515","0.0515"
"174","0.0513","0.0513","0.0513"
"175","0.0576","0.0576","0.0576"
"176","0.0559","0.0559","0.0559"
"177","0.0534","0.0534","0.0534"
"178","0.058","0.058","0.058"
"179","0.0553","0.0553","0.0553"
"180","0.0486","0.0486","0.0486"
"181","0.0331","0.0331","0.0331"
"182","0.0322","0.0322","0.0322"
"183","0.0337","0.0337","0.0337"
"184","0.0344","0.0344","0.0344"
"185","0.0302","0.0302","0.0302"
"186","0.0358","0.0358","0.0358"
"187","0.0374","0.0374","0.0374"
"188","0.0387","0.0387","0.0387"
"189","0.0397","0.0397","0.0397"
"190","0.0365","0.0365","0.0365"
"191","0.0421","0.0421","0.0421"
"192","0.0442","0.0442","0.0442"
"193","0.0386","0.0386","0.0386"
"194","0.0398","0.0398","0.0398"
"195","0.038","0.038","0.038"
"196","0.0394","0.0394","0.0394"
"197","0.0438","0.0438","0.0438"
"198","0.0392","0.0392","0.0392"
"199","0.025","0.025","0.025"
"200","0.0316","0.0316","0.0316"
"201","0.0281","0.0281","0.0281"
"202","0.0265","0.0265","0.0265"
"203","0.0267","0.0267","0.0267"
"204","0.0289","0.0289","0.0289"
"205","0.0332","0.0332","0.0332"
"206","0.0293","0.0293","0.0293"
"207","0.0322","0.0322","0.0322"
"208","0.0327","0.0327","0.0327"
"209","0.0313","0.0313","0.0313"
"210","0.0334","0.0334","0.0334"
"211","0.034","0.034","0.034"
"212","0.0338","0.0338","0.0338"
"213","0.0306","0.0306","0.0306"
"214","0.0354","0.0354","0.0354"
"215","0.0368","0.0368","0.0368"
"216","0.0352","0.0352","0.0352"
"217","0.0234","0.0234","0.0234"
"218","0.022","0.022","0.022"
"219","0.0247","0.0247","0.0247"
"220","0.0237","0.0237","0.0237"
"221","0.0259","0.0259","0.0259"
"222","0.0258","0.0258","0.0258"
"223","0.0259","0.0259","0.0259"
"224","0.0242","0.0242","0.0242"
"225","0.0298","0.0298","0.0298"
"226","0.0289","0.0289","0.0289"
"227","0.0274","0.0274","0.0274"
"228","0.0276","0.0276","0.0276"
"229","0.0284","0.0284","0.0284"
"230","0.0272","0.0272","0.0272"
"231","0.029","0.029","0.029"
"232","0.0283","0.0283","0.0283"
"233","0.031","0.031","0.031"
"234","0.0258","0.0258","0.0258"
"235","0.0188","0.0188","0.0188"
"236","0.0198","0.0198","0.0198"
"237","0.0199","0.0199","0.0199"
"238","0.018","0.018","0.018"
"239","0.0227","0.0227","0.0227"
"240","0.0223","0.0223","0.0223"
"241","0.0237","0.0237","0.0237"
"242","0.0206","0.0206","0.0206"
"243","0.0218","0.0218","0.0218"
"244","0.0213","0.0213","0.0213"
"245","0.0258","0.0258","0.0258"
"246","0.0231","0.0231","0.0231"
"247","0.0235","0.0235","0.0235"
"248","0.0241","0.0241","0.0241"
"249","0.0219","0.0219","0.0219"
"250","0.0237","0.0237","0.0237"
"251","0.0288","0.0288","0.0288"
"252","0.0247","0.0247","0.0247"
"253","0.0163","0.0163","0.0163"
"254","0.017","0.017","0.017"
"255","0.0158","0.0158","0.0158"
"256","0.0177","0.0177","0.0177"
"257","0.0183","0.0183","0.0183"
"258","0.0199","0.0199","0.0199"
"259","0.0172","0.0172","0.0172"
"260","0.0174","0.0174","0.0174"
"261","0.0215","0.0215","0.0215"
"262","0.0196","0.0196","0.0196"
"263","0.0192","0.0192","0.0192"
"264","0.0193","0.0193","0.0193"
"265","0.0202","0.0202","0.0202"
"266","0.0221","0.0221","0.0221"
"267","0.0206","0.0206","0.0206"
"268","0.0205","0.0205","0.0205"
"269","0.0224","0.0224","0.0224"
"270","0.0171","0.0171","0.0171"
"271","0.0115","0.0115","0.0115"
"272","0.0136","0.0136","0.0136"
"273","0.0146","0.0146","0.0146"
"274","0.016","0.016","0.016"
"275","0.0157","0.0157","0.0157"
"276","0.0145","0.0145","0.0145"
"277","0.0159","0.0159","0.0159"
"278","0.015","0.015","0.015"
"279","0.015","0.015","0.015"
"280","0.0181","0.0181","0.0181"
"281","0.0176","0.0176","0.0176"
"282","0.0161","0.0161","0.0161"
"283","0.0161","0.0161","0.0161"
"284","0.0174","0.0174","0.0174"
"285","0.0174","0.0174","0.0174"
"286","0.0177","0.0177","0.0177"
"287","0.0171","0.0171","0.0171"
"288","0.017","0.017","0.017"
"289","0.0101","0.0101","0.0101"
"290","0.0132","0.0132","0.0132"
"291","0.0111","0.0111","0.0111"
"292","0.0118","0.0118","0.0118"
"293","0.0146","0.0146","0.0146"
"294","0.013","0.013","0.013"
"295","0.0117","0.0117","0.0117"
"296","0.0107","0.0107","0.0107"
"297","0.0136","0.0136","0.0136"
"298","0.0116","0.0116","0.0116"
"299","0.0152","0.0152","0.0152"
"300","0.0129","0.0129","0.0129"
"301","0.0151","0.0151","0.0151"
"302","0.0149","0.0149","0.0149"
"303","0.0143","0.0143","0.0143"
"304","0.0159","0.0159","0.0159"
"305","0.0137","0.0137","0.0137"
"306","0.0167","0.0167","0.0167"
"307","0.01","0.01","0.01"
"308","0.0092","0.0092","0.0092"
"309","0.0093","0.0093","0.0093"
"310","0.0107","0.0107","0.0107"
"311","0.0088","0.0088","0.0088"
"312","0.009","0.009","0.009"
"313","0.0096","0.0096","0.0096"
"314","0.0122","0.0122","0.0122"
"315","0.0084","0.0084","0.0084"
"316","0.0132","0.0132","0.0132"
"317","0.0122","0.0122","0.0122"
"318","0.0126","0.0126","0.0126"
"319","0.0092","0.0092","0.0092"
"320","0.0133","0.0133","0.0133"
"321","0.0122","0.0122","0.0122"
"322","0.0121","0.0121","0.0121"
"323","0.0122","0.0122","0.0122"
"324","0.0123","0.0123","0.0123"
"325","0.0086","0.0086","0.0086"
"326","0.0063","0.0063","0.0063"
"327","0.0082","0.0082","0.0082"
"328","0.0085","0.0085","0.0085"
"329","0.0079","0.0079","0.0079"
"330","0.0091","0.0091","0.0091"
"331","0.0088","0.0088","0.0088"
"332","0.0096","0.0096","0.0096"
"333","0.0094","0.0094","0.0094"
"334","0.0077","0.0077","0.0077"
"335","0.0133","0.0133","0.0133"
"336","0.0122","0.0122","0.0122"
"337","0.0102","0.0102","0.0102"
"338","0.0117","0.0117","0.0117"
"339","0.0108","0.0108","0.0108"
"340","0.0141","0.0141","0.0141"
"341","0.0112","0.0112","0.0112"
"342","0.0099","0.0099","0.0099"
"343","0.0081","0.0081","0.0081"
"344","0.0071","0.0071","0.0071"
"345","0.0073","0.0073","0.0073"
"346","0.0093","0.0093","0.0093"
"347","0.0075","0.0075","0.0075"
"348","0.0101","0.0101","0.0101"
"349","0.0076","0.0076","0.0076"
"350","0.0111","0.0111","0.0111"
"351","0.009","0.009","0.009"
"352","0.0098","0.0098","0.0098"
"353","0.0078","0.0078","0.0078"
"354","0.0113","0.0113","0.0113"
"355","0.0088","0.0088","0.0088"
"356","0.0089","0.0089","0.0089"
"357","0.0096","0.0096","0.0096"
"358","0.0094","0.0094","0.0094"
"359","0.0079","0.0079","0.0079"
"360","0.0099","0.0099","0.0099"
"361","0.0061","0.0061","0.0061"
"362","0.0061","0.0061","0.0061"
"363","0.0056","0.0056","0.0056"
"364","0.0074","0.0074","0.0074"
"365","0.0068","0.0068","0.0068"
"366","0.0046","0.0046","0.0046"
"367","0.0074","0.0074","0.0074"
"368","0.0075","0.0075","0.0075"
"369","0.0064","0.0064","0.0064"
"370","0.0075","0.0075","0.0075"
"371","0.0065","0.0065","0.0065"
"372","0.007","0.007","0.007"
"373","0.0083","0.0083","0.0083"
"374","0.0084","0.0084","0.0084"
"375","0.0065","0.0065","0.0065"
"376","0.0066","0.0066","0.0066"
"377","0.0102","0.0102","0.0102"
"378","0.0096","0.0096","0.0096"
"379","0.0085","0.0085","0.0085"
"380","0.0071","0.0071","0.0071"
"381","0.0043","0.0043","0.0043"
"382","0.0066","0.0066","0.0066"
"383","0.0059","0.0059","0.0059"
"384","0.0065","0.0065","0.0065"
"385","0.0054","0.0054","0.0054"
"386","0.0073","0.0073","0.0073"
"387","0.0057","0.0057","0.0057"
"388","0.0056","0.0056","0.0056"
"389","0.0061","0.0061","0.0061"
"390","0.0071","0.0071","0.0071"
"391","0.0076","0.0076","0.0076"
"392","0.0087","0.0087","0.0087"
"393","0.0067","0.0067","0.0067"
"394","0.0075","0.0075","0.0075"
"395","0.008","0.008","0.008"
"396","0.008","0.008","0.008"
"397","0.0056","0.0056","0.0056"
"398","0.0056","0.0056","0.0056"
"399","0.0047","0.0047","0.0047"
"400","0.0048","0.0048","0.0048"
"401","0.0054","0.0054","0.0054"
"402","0.0055","0.0055","0.0055"
"403","0.0049","0.0049","0.0049"
"404","0.0043","0.0043","0.0043"
"405","0.0073","0.0073","0.0073"
"406","0.0057","0.0057","0.0057"
"407","0.005","0.005","0.005"
"408","0.0054","0.0054","0.0054"
"409","0.0053","0.0053","0.0053"
"410","0.0054","0.0054","0.0054"
"411","0.005","0.005","0.005"
"412","0.0057","0.0057","0.0057"
"413","0.0055","0.0055","0.0055"
"414","0.0062","0.0062","0.0062"
"415","0.0042","0.0042","0.0042"
"416","0.0041","0.0041","0.0041"
"417","0.0044","0.0044","0.0044"
"418","0.0038","0.0038","0.0038"
"419","0.0037","0.0037","0.0037"
"420","0.0048","0.0048","0.0048"
"421","0.0066","0.0066","0.0066"
"422","0.0045","0.0045","0.0045"
"423","0.0053","0.0053","0.0053"
"424","0.0058","0.0058","0.0058"
"425","0.0045","0.0045","0.0045"
"426","0.0042","0.0042","0.0042"
"427","0.0074","0.0074","0.0074"
"428","0.0059","0.0059","0.0059"
"429","0.0037","0.0037","0.0037"
"430","0.0044","0.0044","0.0044"
"431","0.0059","0.0059","0.0059"
"432","0.0056","0.0056","0.0056"
"433","0.0042","0.0042","0.0042"
"434","0.0039","0.0039","0.0039"
"435","0.0036","0.0036","0.0036"
"436","0.0046","0.0046","0.0046"
"437","0.0045","0.0045","0.0045"
"438","0.0048","0.0048","0.0048"
"439","0.0027","0.0027","0.0027"
"440","0.0038","0.0038","0.0038"
"441","0.0036","0.0036","0.0036"
"442","0.0043","0.0043","0.0043"
"443","0.0037","0.0037","0.0037"
"444","0.0039","0.0039","0.0039"
"445","0.0044","0.0044","0.0044"
"446","0.0068","0.0068","0.0068"
"447","0.0038","0.0038","0.0038"
"448","0.0045","0.0045","0.0045"
"449","0.0048","0.0048","0.0048"
"450","0.0045","0.0045","0.0045"
"451","0.0038","0.0038","0.0038"
"452","0.0032","0.0032","0.0032"
"453","0.0035","0.0035","0.0035"
"454","0.0057","0.0057","0.0057"
"455","0.0046","0.0046","0.0046"
"456","0.0039","0.0039","0.0039"
"457","0.0042","0.0042","0.0042"
"458","0.0039","0.0039","0.0039"
"459","0.0038","0.0038","0.0038"
"460","0.0041","0.0041","0.0041"
"461","0.0046","0.0046","0.0046"
"462","0.0043","0.0043","0.0043"
"463","0.0049","0.0049","0.0049"
"464","0.0041","0.0041","0.0041"
"465","0.0043","0.0043","0.0043"
"466","0.0035","0.0035","0.0035"
"467","0.0052","0.0052","0.0052"
"468","0.0039","0.0039","0.0039"
"469","0.0034","0.0034","0.0034"
"470","0.0033","0.0033","0.0033"
"471","0.0026","0.0026","0.0026"
"472","0.003","0.003","0.003"
"473","0.0035","0.0035","0.0035"
"474","0.0031","0.0031","0.0031"
"475","0.004","0.004","0.004"
"476","0.0026","0.0026","0.0026"
"477","0.0037","0.0037","0.0037"
"478","0.0038","0.0038","0.0038"
"479","0.004","0.004","0.004"
"480","0.0037","0.0037","0.0037"
"481","0.0037","0.0037","0.0037"
"482","0.0032","0.0032","0.0032"
"483","0.0035","0.0035","0.0035"
"484","0.0043","0.0043","0.0043"
"485","0.0054","0.0054","0.0054"
"486","0.0037","0.0037","0.0037"
"487","0.0052","0.0052","0.0052"
"488","0.0022","0.0022","0.0022"
"489","0.0022","0.0022","0.0022"
"490","0.0032","0.0032","0.0032"
"491","0.0031","0.0031","0.0031"
"492","0.0029","0.0029","0.0029"
"493","0.0031","0.0031","0.0031"
"494","0.0048","0.0048","0.0048"
"495","0.0036","0.0036","0.0036"
"496","0.0031","0.0031","0.0031"
"497","0.0029","0.0029","0.0029"
"498","0.0048","0.0048","0.0048"
"499","0.0039","0.0039","0.0039"
"500","0.0044","0.0044","0.0044"
"501","0.0044","0.0044","0.0044"
"502","0.0033","0.0033","0.0033"
"503","0.0045","0.0045","0.0045"
"504","0.005","0.005","0.005"
"505","0.0042","0.0042","0.0042"
"506","0.0027","0.0027","0.0027"
"507","0.0025","0.0025","0.0025"
"508","0.0047","0.0047","0.0047"
"509","0.0033","0.0033","0.0033"
"510","0.0049","0.0049","0.0049"
"511","0.0035","0.0035","0.0035"
"512","0.0038","0.0038","0.0038"
"513","0.0047","0.0047","0.0047"
"514","0.004","0.004","0.004"
"515","0.0043","0.0043","0.0043"
"516","0.0036","0.0036","0.0036"
"517","0.0051","0.0051","0.0051"
"518","0.0034","0.0034","0.0034"
"519","0.0041","0.0041","0.0041"
"520","0.0062","0.0062","0.0062"
"521","0.0029","0.0029","0.0029"
"522","0.0049","0.0049","0.0049"
"523","0.0035","0.0035","0.0035"
"524","0.0021","0.0021","0.0021"
"525","0.0025","0.0025","0.0025"
"526","0.0026","0.0026","0.0026"
"527","0.0036","0.0036","0.0036"
"528","0.0028","0.0028","0.0028"
"529","0.004","0.004","0.004"
"530","0.0028","0.0028","0.0028"
"531","0.003","0.003","0.003"
"532","0.0054","0.0054","0.0054"
"533","0.0029","0.0029","0.0029"
"534","0.0033","0.0033","0.0033"
"535","0.0035","0.0035","0.0035"
"536","0.0039","0.0039","0.0039"
"537","0.0024","0.0024","0.0024"
"538","0.0051","0.0051","0.0051"
"539","0.0033","0.0033","0.0033"
"540","0.0044","0.0044","0.0044"
"541","0.0038","0.0038","0.0038"
"542","0.0022","0.0022","0.0022"
"543","0.0022","0.0022","0.0022"
"544","0.0038","0.0038","0.0038"
"545","0.0032","0.0032","0.0032"
"546","0.0039","0.0039","0.0039"
"547","0.0028","0.0028","0.0028"
"548","0.003","0.003","0.003"
"549","0.0036","0.0036","0.0036"
"550","0.0025","0.0025","0.0025"
"551","0.0031","0.0031","0.0031"
"552","0.0036","0.0036","0.0036"
"553","0.0037","0.0037","0.0037"
"554","0.0031","0.0031","0.0031"
"555","0.0055","0.0055","0.0055"
"556","0.0026","0.0026","0.0026"
"557","0.0047","0.0047","0.0047"
"558","0.0039","0.0039","0.0039"
"559","0.0036","0.0036","0.0036"
"560","0.0027","0.0027","0.0027"
"561","0.0024","0.0024","0.0024"
"562","0.0028","0.0028","0.0028"
"563","0.0022","0.0022","0.0022"
"564","0.0048","0.0048","0.0048"
"565","0.0026","0.0026","0.0026"
"566","0.002","0.002","0.002"
"567","0.0029","0.0029","0.0029"
"568","0.0027","0.0027","0.0027"
"569","0.0028","0.0028","0.0028"
"570","0.0033","0.0033","0.0033"
"571","0.0033","0.0033","0.0033"
"572","0.0045","0.0045","0.0045"
"573","0.0049","0.0049","0.0049"
"574","0.0033","0.0033","0.0033"
"575","0.0031","0.0031","0.0031"
"576","0.0033","0.0033","0.0033"
"577","0.0026","0.0026","0.0026"
"578","0.0022","0.0022","0.0022"
"579","0.0022","0.0022","0.0022"
"580","0.0025","0.0025","0.0025"
"581","0.0027","0.0027","0.0027"
"582","0.0022","0.0022","0.0022"
"583","0.0026","0.0026","0.0026"
"584","0.0023","0.0023","0.0023"
"585","0.0041","0.0041","0.0041"
"586","0.0026","0.0026","0.0026"
"587","0.0023","0.0023","0.0023"
"588","0.0027","0.0027","0.0027"
"589","0.0036","0.0036","0.0036"
"590","0.0038","0.0038","0.0038"
"591","0.0034","0.0034","0.0034"
"592","0.0036","0.0036","0.0036"
"593","0.0033","0.0033","0.0033"
"594","0.0046","0.0046","0.0046"
"595","0.0042","0.0042","0.0042"
"596","0.0019","0.0019","0.0019"
"597","0.0018","0.0018","0.0018"
"598","0.0025","0.0025","0.0025"
"599","0.0034","0.0034","0.0034"
"600","0.0026","0.0026","0.0026"
"601","0.0025","0.0025","0.0025"
"602","0.0019","0.0019","0.0019"
"603","0.0019","0.0019","0.0019"
"604","0.0027","0.0027","0.0027"
"605","0.0029","0.0029","0.0029"
"606","0.0023","0.0023","0.0023"
"607","0.0022","0.0022","0.0022"
"608","0.0027","0.0027","0.0027"
"609","0.0025","0.0025","0.0025"
"610","0.0025","0.0025","0.0025"
"611","0.0021","0.0021","0.0021"
"612","0.0029","0.0029","0.0029"
"613","0.0031","0.0031","0.0031"
"614","0.002","0.002","0.002"
"615","0.0021","0.0021","0.0021"
"616","0.0022","0.0022","0.0022"
"617","0.0016","0.0016","0.0016"
"618","0.0029","0.0029","0.0029"
"619","0.0016","0.0016","0.0016"
"620","0.0027","0.0027","0.0027"
"621","0.0024","0.0024","0.0024"
"622","0.0026","0.0026","0.0026"
"623","0.0023","0.0023","0.0023"
"624","0.0025","0.0025","0.0025"
"625","0.002","0.002","0.002"
"626","0.003","0.003","0.003"
"627","0.0024","0.0024","0.0024"
"628","0.0029","0.0029","0.0029"
"629","0.0033","0.0033","0.0033"
"630","0.0017","0.0017","0.0017"
"631","0.0014","0.0014","0.0014"
"632","0.0014","0.0014","0.0014"
"633","0.002","0.002","0.002"
"634","0.002","0.002","0.002"
"635","0.002","0.002","0.002"
"636","0.0019","0.0019","0.0019"
"637","0.0021","0.0021","0.0021"
"638","0.002","0.002","0.002"
"639","0.0021","0.0021","0.0021"
"640","0.0024","0.0024","0.0024"
"641","0.0021","0.0021","0.0021"
"642","0.0021","0.0021","0.0021"
"643","0.0022","0.0022","0.0022"
"644","0.0027","0.0027","0.0027"
"645","0.002","0.002","0.002"
"646","0.0024","0.0024","0.0024"
"647","0.0028","0.0028","0.0028"
"648","0.0025","0.0025","0.0025"
"649","0.0027","0.0027","0.0027"
"650","0.0016","0.0016","0.0016"
"651","0.0015","0.0015","0.0015"
"652","0.0015","0.0015","0.0015"
"653","0.003","0.003","0.003"
"654","0.003","0.003","0.003"
"655","0.0023","0.0023","0.0023"
"656","0.0025","0.0025","0.0025"
"657","0.0026","0.0026","0.0026"
"658","0.0018","0.0018","0.0018"
"659","0.0026","0.0026","0.0026"
"660","0.0015","0.0015","0.0015"
"661","0.0024","0.0024","0.0024"
"662","0.0023","0.0023","0.0023"
"663","0.0023","0.0023","0.0023"
"664","0.0025","0.0025","0.0025"
"665","0.002","0.002","0.002"
"666","0.0026","0.0026","0.0026"
"667","0.0023","0.0023","0.0023"
"668","0.0014","0.0014","0.0014"
"669","0.0014","0.0014","0.0014"
"670","0.0032","0.0032","0.0032"
"671","0.002","0.002","0.002"
"672","0.0017","0.0017","0.0017"
"673","0.0019","0.0019","0.0019"
"674","0.0015","0.0015","0.0015"
"675","0.0018","0.0018","0.0018"
"676","0.0017","0.0017","0.0017"
"677","0.0015","0.0015","0.0015"
"678","0.0011","0.0011","0.0011"
"679","0.0017","0.0017","0.0017"
"680","0.0016","0.0016","0.0016"
"681","0.001","0.001","0.001"
"682","0.0016","0.0016","0.0016"
"683","0.0022","0.0022","0.0022"
"684","0.0027","0.0027","0.0027"
"685","0.0022","0.0022","0.0022"
"686","0.0015","0.0015","0.0015"
"687","0.0014","0.0014","0.0014"
"688","0.0014","0.0014","0.0014"
"689","0.0014","0.0014","0.0014"
"690","0.001","0.001","0.001"
"691","0.0018","0.0018","0.0018"
"692","0.0012","0.0012","0.0012"
"693","0.0012","0.0012","0.0012"
"694","0.0012","0.0012","0.0012"
"695","0.0013","0.0013","0.0013"
"696","0.0015","0.0015","0.0015"
"697","0.0016","0.0016","0.0016"
"698","0.0017","0.0017","0.0017"
"699","0.0013","0.0013","0.0013"
"700","0.001","0.001","0.001"
"701","0.0021","0.0021","0.0021"
"702","0.0014","0.0014","0.0014"
"703","0.002","0.002","0.002"
"704","0.0014","0.0014","0.0014"
"705","0.0016","0.0016","0.0016"
"706","0.0012","0.0012","0.0012"
"707","0.0013","0.0013","0.0013"
"708","0.0012","0.0012","0.0012"
"709","0.0009","0.0009","0.0009"
"710","0.0011","0.0011","0.0011"
"711","0.0009","0.0009","0.0009"
"712","0.0014","0.0014","0.0014"
"713","0.0008","0.0008","0.0008"
"714","0.0011","0.0011","0.0011"
"715","0.001","0.001","0.001"
"716","0.0025","0.0025","0.0025"
"717","0.0014","0.0014","0.0014"
"718","0.0011","0.0011","0.0011"
"719","0.0014","0.0014","0.0014"
"720","0.0027","0.0027","0.0027"
"721","0.0015","0.0015","0.0015"
"722","0.0016","0.0016","0.0016"
"723","0.001","0.001","0.001"
"724","0.0006","0.0006","0.0006"
"725","0.0012","0.0012","0.0012"
"726","0.0018","0.0018","0.0018"
"727","0.0015","0.0015","0.0015"
"728","0.0017","0.0017","0.0017"
"729","0.0023","0.0023","0.0023"
"730","0.0017","0.0017","0.0017"
"731","0.0012","0.0012","0.0012"
"732","0.002","0.002","0.002"
"733","0.0012","0.0012","0.0012"
"734","0.001","0.001","0.001"
"735","0.0013","0.0013","0.0013"
"736","0.0016","0.0016","0.0016"
"737","0.0014","0.0014","0.0014"
"738","0.0012","0.0012","0.0012"
"739","0.0015","0.0015","0.0015"
"740","0.0021","0.0021","0.0021"
"741","0.0005","0.0005","0.0005"
"742","0.0015","0.0015","0.0015"
"743","0.0011","0.0011","0.0011"
"744","0.0007","0.0007","0.0007"
"745","0.001","0.001","0.001"
"746","0.0016","0.0016","0.0016"
"747","0.0012","0.0012","0.0012"
"748","0.0009","0.0009","0.0009"
"749","0.0011","0.0011","0.0011"
"750","0.0014","0.0014","0.0014"
"751","0.001","0.001","0.001"
"752","0.001","0.001","0.001"
"753","0.0011","0.0011","0.0011"
"754","0.0012","0.0012","0.0012"
"755","0.0018","0.0018","0.0018"
"756","0.0012","0.0012","0.0012"
"757","0.0015","0.0015","0.0015"
"758","0.001","0.001","0.001"
"759","0.0012","0.0012","0.0012"
"760","0.0012","0.0012","0.0012"
"761","0.0011","0.0011","0.0011"
"762","0.0007","0.0007","0.0007"
"763","0.001","0.001","0.001"
"764","0.001","0.001","0.001"
"765","0.001","0.001","0.001"
"766","0.0017","0.0017","0.0017"
"767","0.001","0.001","0.001"
"768","0.0012","0.0012","0.0012"
"769","0.0011","0.0011","0.0011"
"770","0.0016","0.0016","0.0016"
"771","0.001","0.001","0.001"
"772","0.001","0.001","0.001"
"773","0.0012","0.0012","0.0012"
"774","0.0011","0.0011","0.0011"
"775","0.0012","0.0012","0.0012"
"776","0.0008","0.0008","0.0008"
"777","0.0014","0.0014","0.0014"
"778","0.001","0.001","0.001"
"779","0.0008","0.0008","0.0008"
"780","0.001","0.001","0.001"
"781","0.0008","0.0008","0.0008"
"782","0.0009","0.0009","0.0009"
"783","0.0011","0.0011","0.0011"
"784","0.0007","0.0007","0.0007"
"785","0.0011","0.0011","0.0011"
"786","0.0009","0.0009","0.0009"
"787","0.0007","0.0007","0.0007"
"788","0.001","0.001","0.001"
"789","0.0015","0.0015","0.0015"
"790","0.0007","0.0007","0.0007"
"791","0.0014","0.0014","0.0014"
"792","0.001","0.001","0.001"
"793","0.0007","0.0007","0.0007"
"794","0.001","0.001","0.001"
"795","0.001","0.001","0.001"
"796","0.0011","0.0011","0.0011"
"797","0.0006","0.0006","0.0006"
"798","0.001","0.001","0.001"
"799","0.0008","0.0008","0.0008"
"800","0.0009","0.0009","0.0009"
"801","0.0015","0.0015","0.0015"
"802","0.0007","0.0007","0.0007"
"803","0.0008","0.0008","0.0008"
"804","0.001","0.001","0.001"
"805","0.001","0.001","0.001"
"806","0.0011","0.0011","0.0011"
"807","0.0006","0.0006","0.0006"
"808","0.0014","0.0014","0.0014"
"809","0.0007","0.0007","0.0007"
"810","0.0012","0.0012","0.0012"
"811","0.0007","0.0007","0.0007"
"812","0.001","0.001","0.001"
"813","0.0008","0.0008","0.0008"
"814","0.001","0.001","0.001"
"815","0.0008","0.0008","0.0008"
"816","0.0008","0.0008","0.0008"
"817","0.0008","0.0008","0.0008"
"818","0.001","0.001","0.001"
"819","0.001","0.001","0.001"
"820","0.0008","0.0008","0.0008"
"821","0.0008","0.0008","0.0008"
"822","0.001","0.001","0.001"
"823","0.0008","0.0008","0.0008"
"824","0.0008","0.0008","0.0008"
"825","0.0011","0.0011","0.0011"
"826","0.0015","0.0015","0.0015"
"827","0.0011","0.0011","0.0011"
"828","0.0011","0.0011","0.0011"
"829","0.0006","0.0006","0.0006"
"830","0.0008","0.0008","0.0008"
"831","0.0007","0.0007","0.0007"
"832","0.0005","0.0005","0.0005"
"833","0.001","0.001","0.001"
"834","0.0006","0.0006","0.0006"
"835","0.0011","0.0011","0.0011"
"836","0.001","0.001","0.001"
"837","0.0008","0.0008","0.0008"
"838","0.0007","0.0007","0.0007"
"839","0.0007","0.0007","0.0007"
"840","0.0006","0.0006","0.0006"
"841","0.0011","0.0011","0.0011"
"842","0.0008","0.0008","0.0008"
"843","0.0012","0.0012","0.0012"
"844","0.0007","0.0007","0.0007"
"845","0.0012","0.0012","0.0012"
"846","0.0013","0.0013","0.0013"
"847","0.0008","0.0008","0.0008"
"848","0.0012","0.0012","0.0012"
"849","0.0005","0.0005","0.0005"
"850","0.0006","0.0006","0.0006"
"851","0.0005","0.0005","0.0005"
"852","0.001","0.001","0.001"
"853","0.0009","0.0009","0.0009"
"854","0.0013","0.0013","0.0013"
"855","0.0008","0.0008","0.0008"
"856","0.0009","0.0009","0.0009"
"857","0.0012","0.0012","0.0012"
"858","0.0006","0.0006","0.0006"
"859","0.0008","0.0008","0.0008"
"860","0.0007","0.0007","0.0007"
"861","0.0007","0.0007","0.0007"
"862","0.0008","0.0008","0.0008"
"863","0.0012","0.0012","0.0012"
"864","0.001","0.001","0.001"
"865","0.0012","0.0012","0.0012"
"866","0.0008","0.0008","0.0008"
"867","0.0006","0.0006","0.0006"
"868","0.001","0.001","0.001"
"869","0.0007","0.0007","0.0007"
"870","0.0009","0.0009","0.0009"
"871","0.0008","0.0008","0.0008"
"872","0.0007","0.0007","0.0007"
"873","0.001","0.001","0.001"
"874","0.0009","0.0009","0.0009"
"875","0.0008","0.0008","0.0008"
"876","0.0007","0.0007","0.0007"
"877","0.0012","0.0012","0.0012"
"878","0.0007","0.0007","0.0007"
"879","0.0009","0.0009","0.0009"
"880","0.0013","0.0013","0.0013"
"881","0.0009","0.0009","0.0009"
"882","0.0007","0.0007","0.0007"
"883","0.0009","0.0009","0.0009"
"884","0.0006","0.0006","0.0006"
"885","0.0007","0.0007","0.0007"
"886","0.0006","0.0006","0.0006"
"887","0.0008","0.0008","0.0008"
"888","0.0007","0.0007","0.0007"
"889","0.0006","0.0006","0.0006"
"890","0.001","0.001","0.001"
"891","0.0009","0.0009","0.0009"
"892","0.0007","0.0007","0.0007"
"893","0.0005","0.0005","0.0005"
"894","0.0009","0.0009","0.0009"
"895","0.0009","0.0009","0.0009"
"896","0.0006","0.0006","0.0006"
"897","0.001","0.001","0.001"
"898","0.0011","0.0011","0.0011"
"899","0.0012","0.0012","0.0012"
"900","0.0008","0.0008","0.0008"
"901","0.0009","0.0009","0.0009"
"902","0.0009","0.0009","0.0009"
"903","0.0008","0.0008","0.0008"
"904","0.0005","0.0005","0.0005"
"905","0.0006","0.0006","0.0006"
"906","0.001","0.001","0.001"
"907","0.0008","0.0008","0.0008"
"908","0.0008","0.0008","0.0008"
"909","0.001","0.001","0.001"
"910","0.0007","0.0007","0.0007"
"911","0.0007","0.0007","0.0007"
"912","0.001","0.001","0.001"
"913","0.0008","0.0008","0.0008"
"914","0.0006","0.0006","0.0006"
"915","0.0012","0.0012","0.0012"
"916","0.0013","0.0013","0.0013"
"917","0.0006","0.0006","0.0006"
"918","0.0011","0.0011","0.0011"
"919","0.0006","0.0006","0.0006"
"920","0.0007","0.0007","0.0007"
"921","0.0004","0.0004","0.0004"
"922","0.0006","0.0006","0.0006"
"923","0.0007","0.0007","0.0007"
"924","0.0008","0.0008","0.0008"
"925","0.0004","0.0004","0.0004"
"926","0.0008","0.0008","0.0008"
"927","0.001","0.001","0.001"
"928","0.0007","0.0007","0.0007"
"929","0.0008","0.0008","0.0008"
"930","0.0012","0.0012","0.0012"
"931","0.0009","0.0009","0.0009"
"932","0.0009","0.0009","0.0009"
"933","0.0007","0.0007","0.0007"
"934","0.001","0.001","0.001"
"935","0.0006","0.0006","0.0006"
"936","0.0008","0.0008","0.0008"
"937","0.0012","0.0012","0.0012"
"938","0.0008","0.0008","0.0008"
"939","0.0008","0.0008","0.0008"
"940","0.0008","0.0008","0.0008"
"941","0.0006","0.0006","0.0006"
"942","0.0005","0.0005","0.0005"
"943","0.0007","0.0007","0.0007"
"944","0.001","0.001","0.001"
"945","0.0008","0.0008","0.0008"
"946","0.0008","0.0008","0.0008"
"947","0.0008","0.0008","0.0008"
"948","0.0009","0.0009","0.0009"
"949","0.0008","0.0008","0.0008"
"950","0.0008","0.0008","0.0008"
"951","0.0009","0.0009","0.0009"
"952","0.0009","0.0009","0.0009"
"953","0.0005","0.0005","0.0005"
"954","0.0013","0.0013","0.0013"
"955","0.0007","0.0007","0.0007"
"956","0.0008","0.0008","0.0008"
"957","0.0004","0.0004","0.0004"
"958","0.0006","0.0006","0.0006"
"959","0.001","0.001","0.001"
"960","0.0007","0.0007","0.0007"
"961","0.0008","0.0008","0.0008"
"962","0.0005","0.0005","0.0005"
"963","0.0009","0.0009","0.0009"
"964","0.0008","0.0008","0.0008"
"965","0.0006","0.0006","0.0006"
"966","0.0006","0.0006","0.0006"
"967","0.0006","0.0006","0.0006"
"968","0.0007","0.0007","0.0007"
"969","0.0005","0.0005","0.0005"
"970","0.001","0.001","0.001"
"971","0.0014","0.0014","0.0014"
"972","0.0005","0.0005","0.0005"
"973","0.0009","0.0009","0.0009"
"974","0.0012","0.0012","0.0012"
"975","0.0008","0.0008","0.0008"
"976","0.0008","0.0008","0.0008"
"977","0.001","0.001","0.001"
"978","0.0008","0.0008","0.0008"
"979","0.0011","0.0011","0.0011"
"980","0.0005","0.0005","0.0005"
"981","0.0009","0.0009","0.0009"
"982","0.0006","0.0006","0.0006"
"983","0.0007","0.0007","0.0007"
"984","0.0007","0.0007","0.0007"
"985","0.0008","0.0008","0.0008"
"986","0.0009","0.0009","0.0009"
"987","0.0009","0.0009","0.0009"
"988","0.0012","0.0012","0.0012"
"989","0.0007","0.0007","0.0007"
"990","0.0007","0.0007","0.0007"
"991","0.0006","0.0006","0.0006"
"992","0.0007","0.0007","0.0007"
"993","0.0005","0.0005","0.0005"
"994","0.0009","0.0009","0.0009"
"995","0.0008","0.0008","0.0008"
"996","0.0005","0.0005","0.0005"
"997","0.0006","0.0006","0.0006"
"998","0.0006","0.0006","0.0006"
"999","0.0006","0.0006","0.0006"
"1000","0.001","0.001","0.001"
"1001","0.0008","0.0008","0.0008"
"1002","0.0005","0.0005","0.0005"
"1003","0.0006","0.0006","0.0006"
"1004","0.0007","0.0007","0.0007"
"1005","0.0015","0.0015","0.0015"
"1006","0.0008","0.0008","0.0008"
"1007","0.0007","0.0007","0.0007"
"1008","0.001","0.001","0.001"
"1009","0.0005","0.0005","0.0005"
"1010","0.0008","0.0008","0.0008"
"1011","0.0006","0.0006","0.0006"
"1012","0.0009","0.0009","0.0009"
"1013","0.0006","0.0006","0.0006"
"1014","0.0005","0.0005","0.0005"
"1015","0.0005","0.0005","0.0005"
"1016","0.0007","0.0007","0.0007"
"1017","0.0007","0.0007","0.0007"
"1018","0.0009","0.0009","0.0009"
"1019","0.001","0.001","0.001"
"1020","0.0005","0.0005","0.0005"
"1021","0.0009","0.0009","0.0009"
"1022","0.0009","0.0009","0.0009"
"1023","0.0006","0.0006","0.0006"
"1024","0.0009","0.0009","0.0009"
"1025","0.001","0.001","0.001"
"1026","0.0007","0.0007","0.0007"
"1027","0.0007","0.0007","0.0007"
"1028","0.0008","0.0008","0.0008"
"1029","0.0009","0.0009","0.0009"
"1030","0.0005","0.0005","0.0005"
"1031","0.001","0.001","0.001"
"1032","0.0006","0.0006","0.0006"
"1033","0.001","0.001","0.001"
"1034","0.0006","0.0006","0.0006"
"1035","0.0008","0.0008","0.0008"
"1036","0.001","0.001","0.001"
"1037","0.0008","0.0008","0.0008"
"1038","0.0006","0.0006","0.0006"
"1039","0.0006","0.0006","0.0006"
"1040","0.0006","0.0006","0.0006"
"1041","0.0007","0.0007","0.0007"
"1042","0.0007","0.0007","0.0007"
"1043","0.0006","0.0006","0.0006"
"1044","0.0012","0.0012","0.0012"
"1045","0.0006","0.0006","0.0006"
"1046","0.0008","0.0008","0.0008"
"1047","0.0007","0.0007","0.0007"
"1048","0.0007","0.0007","0.0007"
"1049","0.0006","0.0006","0.0006"
"1050","0.0008","0.0008","0.0008"
"1051","0.0008","0.0008","0.0008"
"1052","0.0007","0.0007","0.0007"
"1053","0.0007","0.0007","0.0007"
"1054","0.0009","0.0009","0.0009"
"1055","0.0007","0.0007","0.0007"
"1056","0.0009","0.0009","0.0009"
"1057","0.0005","0.0005","0.0005"
"1058","0.0007","0.0007","0.0007"
"1059","0.0007","0.0007","0.0007"
"1060","0.0008","0.0008","0.0008"
"1061","0.0009","0.0009","0.0009"
"1062","0.0007","0.0007","0.0007"
"1063","0.0007","0.0007","0.0007"
"1064","0.0005","0.0005","0.0005"
"1065","0.001","0.001","0.001"
"1066","0.0007","0.0007","0.0007"
"1067","0.0007","0.0007","0.0007"
"1068","0.0007","0.0007","0.0007"
"1069","0.0006","0.0006","0.0006"
"1070","0.0007","0.0007","0.0007"
"1071","0.0006","0.0006","0.0006"
"1072","0.0007","0.0007","0.0007"
"1073","0.0007","0.0007","0.0007"
"1074","0.0009","0.0009","0.0009"
"1075","0.0008","0.0008","0.0008"
"1076","0.0005","0.0005","0.0005"
"1077","0.0008","0.0008","0.0008"
"1078","0.001","0.001","0.001"
"1079","0.0005","0.0005","0.0005"
"1080","0.0009","0.0009","0.0009"
"1081","0.0008","0.0008","0.0008"
"1082","0.0006","0.0006","0.0006"
"1083","0.0009","0.0009","0.0009"
"1084","0.0008","0.0008","0.0008"
"1085","0.0007","0.0007","0.0007"
"1086","0.0006","0.0006","0.0006"
"1087","0.0006","0.0006","0.0006"
"1088","0.0007","0.0007","0.0007"
"1089","0.0009","0.0009","0.0009"
"1090","0.0008","0.0008","0.0008"
"1091","0.0007","0.0007","0.0007"
"1092","0.0005","0.0005","0.0005"
"1093","0.0006","0.0006","0.0006"
"1094","0.0008","0.0008","0.0008"
"1095","0.0005","0.0005","0.0005"
"1096","0.0007","0.0007","0.0007"
"1097","0.0011","0.0011","0.0011"
"1098","0.0008","0.0008","0.0008"
"1099","0.001","0.001","0.001"
"1100","0.0009","0.0009","0.0009"
"1101","0.0007","0.0007","0.0007"
"1102","0.0004","0.0004","0.0004"
"1103","0.0009","0.0009","0.0009"
"1104","0.0007","0.0007","0.0007"
"1105","0.0009","0.0009","0.0009"
"1106","0.0004","0.0004","0.0004"
"1107","0.001","0.001","0.001"
"1108","0.0004","0.0004","0.0004"
"1109","0.0007","0.0007","0.0007"
"1110","0.0007","0.0007","0.0007"
"1111","0.0005","0.0005","0.0005"
"1112","0.0009","0.0009","0.0009"
"1113","0.0008","0.0008","0.0008"
"1114","0.0006","0.0006","0.0006"
"1115","0.0012","0.0012","0.0012"
"1116","0.0006","0.0006","0.0006"
"1117","0.0006","0.0006","0.0006"
"1118","0.001","0.001","0.001"
"1119","0.0005","0.0005","0.0005"
"1120","0.0008","0.0008","0.0008"
"1121","0.0005","0.0005","0.0005"
"1122","0.0005","0.0005","0.0005"
"1123","0.0006","0.0006","0.0006"
"1124","0.0006","0.0006","0.0006"
"1125","0.0007","0.0007","0.0007"
"1126","0.0005","0.0005","0.0005"
"1127","0.0009","0.0009","0.0009"
"1128","0.0007","0.0007","0.0007"
"1129","0.0007","0.0007","0.0007"
"1130","0.0005","0.0005","0.0005"
"1131","0.0006","0.0006","0.0006"
"1132","0.0008","0.0008","0.0008"
"1133","0.0008","0.0008","0.0008"
"1134","0.0011","0.0011","0.0011"
"1135","0.0007","0.0007","0.0007"
"1136","0.0008","0.0008","0.0008"
"1137","0.0008","0.0008","0.0008"
"1138","0.0008","0.0008","0.0008"
"1139","0.0008","0.0008","0.0008"
"1140","0.0004","0.0004","0.0004"
"1141","0.0003","0.0003","0.0003"
"1142","0.0011","0.0011","0.0011"
"1143","0.0007","0.0007","0.0007"
"1144","0.001","0.001","0.001"
"1145","0.0006","0.0006","0.0006"
"1146","0.0006","0.0006","0.0006"
"1147","0.0006","0.0006","0.0006"
"1148","0.001","0.001","0.001"
"1149","0.0007","0.0007","0.0007"
"1150","0.0007","0.0007","0.0007"
"1151","0.0007","0.0007","0.0007"
"1152","0.0006","0.0006","0.0006"
"1153","0.0008","0.0008","0.0008"
"1154","0.0009","0.0009","0.0009"
"1155","0.0007","0.0007","0.0007"
"1156","0.0007","0.0007","0.0007"
"1157","0.0008","0.0008","0.0008"
"1158","0.0006","0.0006","0.0006"
"1159","0.0005","0.0005","0.0005"
"1160","0.0008","0.0008","0.0008"
"1161","0.0007","0.0007","0.0007"
"1162","0.0006","0.0006","0.0006"
"1163","0.0007","0.0007","0.0007"
"1164","0.0009","0.0009","0.0009"
"1165","0.0005","0.0005","0.0005"
"1166","0.001","0.001","0.001"
"1167","0.0006","0.0006","0.0006"
"1168","0.0008","0.0008","0.0008"
"1169","0.0008","0.0008","0.0008"
"1170","0.0006","0.0006","0.0006"
"1171","0.0008","0.0008","0.0008"
"1172","0.0007","0.0007","0.0007"
"1173","0.0007","0.0007","0.0007"
"1174","0.0007","0.0007","0.0007"
"1175","0.0005","0.0005","0.0005"
"1176","0.0005","0.0005","0.0005"
"1177","0.001","0.001","0.001"
"1178","0.0009","0.0009","0.0009"
"1179","0.0005","0.0005","0.0005"
"1180","0.0006","0.0006","0.0006"
"1181","0.0005","0.0005","0.0005"
"1182","0.0003","0.0003","0.0003"
"1183","0.0005","0.0005","0.0005"
"1184","0.0007","0.0007","0.0007"
"1185","0.0011","0.0011","0.0011"
"1186","0.0007","0.0007","0.0007"
"1187","0.0007","0.0007","0.0007"
"1188","0.0011","0.0011","0.0011"
"1189","0.0007","0.0007","0.0007"
"1190","0.0007","0.0007","0.0007"
"1191","0.0008","0.0008","0.0008"
"1192","0.0008","0.0008","0.0008"
"1193","0.0008","0.0008","0.0008"
"1194","0.0004","0.0004","0.0004"
"1195","0.0006","0.0006","0.0006"
"1196","0.0009","0.0009","0.0009"
"1197","0.001","0.001","0.001"
"1198","0.0004","0.0004","0.0004"
"1199","0.0008","0.0008","0.0008"
"1200","0.0006","0.0006","0.0006"
"1201","0.0011","0.0011","0.0011"
"1202","0.0005","0.0005","0.0005"
"1203","0.0005","0.0005","0.0005"
"1204","0.0008","0.0008","0.0008"
"1205","0.0006","0.0006","0.0006"
"1206","0.0007","0.0007","0.0007"
"1207","0.0004","0.0004","0.0004"
"1208","0.0008","0.0008","0.0008"
"1209","0.0008","0.0008","0.0008"
"1210","0.0007","0.0007","0.0007"
"1211","0.0009","0.0009","0.0009"
"1212","0.0007","0.0007","0.0007"
"1213","0.0005","0.0005","0.0005"
"1214","0.0005","0.0005","0.0005"
"1215","0.0007","0.0007","0.0007"
"1216","0.0006","0.0006","0.0006"
"1217","0.0009","0.0009","0.0009"
"1218","0.0006","0.0006","0.0006"
"1219","0.0008","0.0008","0.0008"
"1220","0.0008","0.0008","0.0008"
"1221","0.0004","0.0004","0.0004"
"1222","0.001","0.001","0.001"
"1223","0.0008","0.0008","0.0008"
"1224","0.0004","0.0004","0.0004"
"1225","0.0006","0.0006","0.0006"
"1226","0.0009","0.0009","0.0009"
"1227","0.0006","0.0006","0.0006"
"1228","0.0008","0.0008","0.0008"
"1229","0.0005","0.0005","0.0005"
"1230","0.0005","0.0005","0.0005"
"1231","0.0008","0.0008","0.0008"
"1232","0.0006","0.0006","0.0006"
"1233","0.0007","0.0007","0.0007"
"1234","0.0004","0.0004","0.0004"
"1235","0.0005","0.0005","0.0005"
"1236","0.0009","0.0009","0.0009"
"1237","0.0008","0.0008","0.0008"
"1238","0.0006","0.0006","0.0006"
"1239","0.0005","0.0005","0.0005"
"1240","0.001","0.001","0.001"
"1241","0.0011","0.0011","0.0011"
"1242","0.0006","0.0006","0.0006"
"1243","0.0006","0.0006","0.0006"
"1244","0.0008","0.0008","0.0008"
"1245","0.0004","0.0004","0.0004"
"1246","0.0007","0.0007","0.0007"
"1247","0.0006","0.0006","0.0006"
"1248","0.0006","0.0006","0.0006"
"1249","0.0007","0.0007","0.0007"
"1250","0.0005","0.0005","0.0005"
"1251","0.0005","0.0005","0.0005"
"1252","0.0007","0.0007","0.0007"
"1253","0.0006","0.0006","0.0006"
"1254","0.0007","0.0007","0.0007"
"1255","0.0008","0.0008","0.0008"
"1256","0.0008","0.0008","0.0008"
"1257","0.0007","0.0007","0.0007"
"1258","0.0008","0.0008","0.0008"
"1259","0.0012","0.0012","0.0012"
"1260","0.0007","0.0007","0.0007"
"1261","0.0006","0.0006","0.0006"
"1262","0.0007","0.0007","0.0007"
"1263","0.0008","0.0008","0.0008"
"1264","0.001","0.001","0.001"
"1265","0.001","0.001","0.001"
"1266","0.0007","0.0007","0.0007"
"1267","0.0007","0.0007","0.0007"
"1268","0.0007","0.0007","0.0007"
"1269","0.0009","0.0009","0.0009"
"1270","0.0007","0.0007","0.0007"
"1271","0.0006","0.0006","0.0006"
"1272","0.0005","0.0005","0.0005"
"1273","0.0005","0.0005","0.0005"
"1274","0.0005","0.0005","0.0005"
"1275","0.001","0.001","0.001"
"1276","0.0007","0.0007","0.0007"
"1277","0.0006","0.0006","0.0006"
"1278","0.0007","0.0007","0.0007"
"1279","0.0006","0.0006","0.0006"
"1280","0.0005","0.0005","0.0005"
"1281","0.0005","0.0005","0.0005"
"1282","0.0005","0.0005","0.0005"
"1283","0.0005","0.0005","0.0005"
"1284","0.0005","0.0005","0.0005"
"1285","0.0006","0.0006","0.0006"
"1286","0.001","0.001","0.001"
"1287","0.0007","0.0007","0.0007"
"1288","0.0006","0.0006","0.0006"
"1289","0.0006","0.0006","0.0006"
"1290","0.0008","0.0008","0.0008"
"1291","0.0006","0.0006","0.0006"
"1292","0.0007","0.0007","0.0007"
"1293","0.0006","0.0006","0.0006"
"1294","0.001","0.001","0.001"
"1295","0.0006","0.0006","0.0006"
"1296","0.0008","0.0008","0.0008"
"1297","0.001","0.001","0.001"
"1298","0.0007","0.0007","0.0007"
"1299","0.0003","0.0003","0.0003"
"1300","0.0006","0.0006","0.0006"
"1301","0.0006","0.0006","0.0006"
"1302","0.0007","0.0007","0.0007"
"1303","0.0005","0.0005","0.0005"
"1304","0.0008","0.0008","0.0008"
"1305","0.0006","0.0006","0.0006"
"1306","0.0003","0.0003","0.0003"
"1307","0.0006","0.0006","0.0006"
"1308","0.0006","0.0006","0.0006"
"1309","0.0009","0.0009","0.0009"
"1310","0.0007","0.0007","0.0007"
"1311","0.0007","0.0007","0.0007"
"1312","0.0004","0.0004","0.0004"
"1313","0.0007","0.0007","0.0007"
"1314","0.0011","0.0011","0.0011"
"1315","0.0007","0.0007","0.0007"
"1316","0.0007","0.0007","0.0007"
"1317","0.0008","0.0008","0.0008"
"1318","0.0008","0.0008","0.0008"
"1319","0.0005","0.0005","0.0005"
"1320","0.0006","0.0006","0.0006"
"1321","0.0006","0.0006","0.0006"
"1322","0.0006","0.0006","0.0006"
"1323","0.0004","0.0004","0.0004"
"1324","0.0007","0.0007","0.0007"
"1325","0.0007","0.0007","0.0007"
"1326","0.001","0.001","0.001"
"1327","0.0007","0.0007","0.0007"
"1328","0.0006","0.0006","0.0006"
"1329","0.001","0.001","0.001"
"1330","0.0007","0.0007","0.0007"
"1331","0.0004","0.0004","0.0004"
"1332","0.0007","0.0007","0.0007"
"1333","0.0007","0.0007","0.0007"
"1334","0.0006","0.0006","0.0006"
"1335","0.0008","0.0008","0.0008"
"1336","0.0005","0.0005","0.0005"
"1337","0.0006","0.0006","0.0006"
"1338","0.0008","0.0008","0.0008"
"1339","0.0008","0.0008","0.0008"
"1340","0.0008","0.0008","0.0008"
"1341","0.0006","0.0006","0.0006"
"1342","0.0008","0.0008","0.0008"
"1343","0.0005","0.0005","0.0005"
"1344","0.0008","0.0008","0.0008"
"1345","0.0007","0.0007","0.0007"
"1346","0.0004","0.0004","0.0004"
"1347","0.0009","0.0009","0.0009"
"1348","0.0006","0.0006","0.0006"
"1349","0.0006","0.0006","0.0006"
"1350","0.0009","0.0009","0.0009"
"1351","0.0005","0.0005","0.0005"
"1352","0.0005","0.0005","0.0005"
"1353","0.0007","0.0007","0.0007"
"1354","0.0006","0.0006","0.0006"
"1355","0.0008","0.0008","0.0008"
"1356","0.0005","0.0005","0.0005"
"1357","0.0005","0.0005","0.0005"
"1358","0.0007","0.0007","0.0007"
"1359","0.0004","0.0004","0.0004"
"1360","0.0006","0.0006","0.0006"
"1361","0.0008","0.0008","0.0008"
"1362","0.0006","0.0006","0.0006"
"1363","0.0007","0.0007","0.0007"
"1364","0.0008","0.0008","0.0008"
"1365","0.0005","0.0005","0.0005"
"1366","0.0005","0.0005","0.0005"
"1367","0.0009","0.0009","0.0009"
"1368","0.0007","0.0007","0.0007"
"1369","0.0009","0.0009","0.0009"
"1370","0.0007","0.0007","0.0007"
"1371","0.0007","0.0007","0.0007"
"1372","0.0009","0.0009","0.0009"
"1373","0.0005","0.0005","0.0005"
"1374","0.0008","0.0008","0.0008"
"1375","0.0008","0.0008","0.0008"
"1376","0.0004","0.0004","0.0004"
"1377","0.0006","0.0006","0.0006"
"1378","0.0008","0.0008","0.0008"
"1379","0.0007","0.0007","0.0007"
"1380","0.0007","0.0007","0.0007"
"1381","0.0005","0.0005","0.0005"
"1382","0.0007","0.0007","0.0007"
"1383","0.0003","0.0003","0.0003"
"1384","0.0007","0.0007","0.0007"
"1385","0.0006","0.0006","0.0006"
"1386","0.0005","0.0005","0.0005"
"1387","0.0006","0.0006","0.0006"
"1388","0.0008","0.0008","0.0008"
"1389","0.001","0.001","0.001"
"1390","0.0004","0.0004","0.0004"
"1391","0.0007","0.0007","0.0007"
"1392","0.0008","0.0008","0.0008"
"1393","0.0006","0.0006","0.0006"
"1394","0.0006","0.0006","0.0006"
"1395","0.0007","0.0007","0.0007"
"1396","0.0004","0.0004","0.0004"
"1397","0.0007","0.0007","0.0007"
"1398","0.0008","0.0008","0.0008"
"1399","0.0006","0.0006","0.0006"
"1400","0.0007","0.0007","0.0007"
"1401","0.0006","0.0006","0.0006"
"1402","0.0006","0.0006","0.0006"
"1403","0.0007","0.0007","0.0007"
"1404","0.0006","0.0006","0.0006"
"1405","0.0008","0.0008","0.0008"
"1406","0.0005","0.0005","0.0005"
"1407","0.0007","0.0007","0.0007"
"1408","0.0008","0.0008","0.0008"
"1409","0.0006","0.0006","0.0006"
"1410","0.0004","0.0004","0.0004"
"1411","0.0007","0.0007","0.0007"
"1412","0.0008","0.0008","0.0008"
"1413","0.0004","0.0004","0.0004"
"1414","0.0008","0.0008","0.0008"
"1415","0.0003","0.0003","0.0003"
"1416","0.0008","0.0008","0.0008"
"1417","0.0007","0.0007","0.0007"
"1418","0.0008","0.0008","0.0008"
"1419","0.0007","0.0007","0.0007"
"1420","0.0005","0.0005","0.0005"
"1421","0.0006","0.0006","0.0006"
"1422","0.0007","0.0007","0.0007"
"1423","0.0007","0.0007","0.0007"
"1424","0.0008","0.0008","0.0008"
"1425","0.0008","0.0008","0.0008"
"1426","0.0005","0.0005","0.0005"
"1427","0.0005","0.0005","0.0005"
"1428","0.0007","0.0007","0.0007"
"1429","0.0005","0.0005","0.0005"
"1430","0.0006","0.0006","0.0006"
"1431","0.0005","0.0005","0.0005"
"1432","0.0008","0.0008","0.0008"
"1433","0.0006","0.0006","0.0006"
"1434","0.0006","0.0006","0.0006"
"1435","0.0007","0.0007","0.0007"
"1436","0.0003","0.0003","0.0003"
"1437","0.0006","0.0006","0.0006"
"1438","0.0008","0.0008","0.0008"
"1439","0.0007","0.0007","0.0007"
"1440","0.0006","0.0006","0.0006"
"1441","0.0007","0.0007","0.0007"
"1442","0.0006","0.0006","0.0006"
"1443","0.0009","0.0009","0.0009"
"1444","0.0008","0.0008","0.0008"
"1445","0.0006","0.0006","0.0006"
"1446","0.0007","0.0007","0.0007"
"1447","0.0009","0.0009","0.0009"
"1448","0.0006","0.0006","0.0006"
"1449","0.0005","0.0005","0.0005"
"1450","0.0006","0.0006","0.0006"
"1451","0.0007","0.0007","0.0007"
"1452","0.0006","0.0006","0.0006"
"1453","0.0005","0.0005","0.0005"
"1454","0.0007","0.0007","0.0007"
"1455","0.0005","0.0005","0.0005"
"1456","0.0007","0.0007","0.0007"
"1457","0.0007","0.0007","0.0007"
"1458","0.0006","0.0006","0.0006"
"1459","0.0009","0.0009","0.0009"
"1460","0.0008","0.0008","0.0008"
"1461","0.0005","0.0005","0.0005"
"1462","0.0007","0.0007","0.0007"
"1463","0.0007","0.0007","0.0007"
"1464","0.0004","0.0004","0.0004"
"1465","0.0005","0.0005","0.0005"
"1466","0.0008","0.0008","0.0008"
"1467","0.0008","0.0008","0.0008"
"1468","0.0009","0.0009","0.0009"
"1469","0.0007","0.0007","0.0007"
"1470","0.0008","0.0008","0.0008"
"1471","0.0005","0.0005","0.0005"
"1472","0.0007","0.0007","0.0007"
"1473","0.0006","0.0006","0.0006"
"1474","0.0005","0.0005","0.0005"
"1475","0.0009","0.0009","0.0009"
"1476","0.001","0.001","0.001"
"1477","0.0005","0.0005","0.0005"
"1478","0.0004","0.0004","0.0004"
"1479","0.0005","0.0005","0.0005"
"1480","0.0004","0.0004","0.0004"
"1481","0.0007","0.0007","0.0007"
"1482","0.0007","0.0007","0.0007"
"1483","0.0005","0.0005","0.0005"
"1484","0.0007","0.0007","0.0007"
"1485","0.0004","0.0004","0.0004"
"1486","0.0006","0.0006","0.0006"
"1487","0.0007","0.0007","0.0007"
"1488","0.0006","0.0006","0.0006"
"1489","0.0006","0.0006","0.0006"
"1490","0.0005","0.0005","0.0005"
"1491","0.0008","0.0008","0.0008"
"1492","0.0006","0.0006","0.0006"
"1493","0.0007","0.0007","0.0007"
"1494","0.0006","0.0006","0.0006"
"1495","0.0008","0.0008","0.0008"
"1496","0.0006","0.0006","0.0006"
"1497","0.0007","0.0007","0.0007"
"1498","0.0008","0.0008","0.0008"
"1499","0.0007","0.0007","0.0007"
"1500","0.0006","0.0006","0.0006"
"1501","0.0009","0.0009","0.0009"
"1502","0.0004","0.0004","0.0004"
"1503","0.0005","0.0005","0.0005"
"1504","0.0009","0.0009","0.0009"
"1505","0.0005","0.0005","0.0005"
"1506","0.0006","0.0006","0.0006"
"1507","0.0005","0.0005","0.0005"
"1508","0.0009","0.0009","0.0009"
"1509","0.0006","0.0006","0.0006"
"1510","0.0009","0.0009","0.0009"
"1511","0.0005","0.0005","0.0005"
"1512","0.0004","0.0004","0.0004"
"1513","0.0006","0.0006","0.0006"
"1514","0.0007","0.0007","0.0007"
"1515","0.0007","0.0007","0.0007"
"1516","0.0006","0.0006","0.0006"
"1517","0.0006","0.0006","0.0006"
"1518","0.0009","0.0009","0.0009"
"1519","0.0008","0.0008","0.0008"
"1520","0.0007","0.0007","0.0007"
"1521","0.0007","0.0007","0.0007"
"1522","0.0005","0.0005","0.0005"
"1523","0.0007","0.0007","0.0007"
"1524","0.0007","0.0007","0.0007"
"1525","0.0004","0.0004","0.0004"
"1526","0.0007","0.0007","0.0007"
"1527","0.0007","0.0007","0.0007"
"1528","0.0007","0.0007","0.0007"
"1529","0.0005","0.0005","0.0005"
"1530","0.0004","0.0004","0.0004"
"1531","0.0005","0.0005","0.0005"
"1532","0.0007","0.0007","0.0007"
"1533","0.0003","0.0003","0.0003"
"1534","0.0009","0.0009","0.0009"
"1535","0.0005","0.0005","0.0005"
"1536","0.0007","0.0007","0.0007"
"1537","0.0004","0.0004","0.0004"
"1538","0.0006","0.0006","0.0006"
"1539","0.0007","0.0007","0.0007"
"1540","0.0004","0.0004","0.0004"
"1541","0.0006","0.0006","0.0006"
"1542","0.0005","0.0005","0.0005"
"1543","0.0007","0.0007","0.0007"
"1544","0.0004","0.0004","0.0004"
"1545","0.0008","0.0008","0.0008"
"1546","0.0008","0.0008","0.0008"
"1547","0.0006","0.0006","0.0006"
"1548","0.0003","0.0003","0.0003"
"1549","0.0008","0.0008","0.0008"
"1550","0.0011","0.0011","0.0011"
"1551","0.0011","0.0011","0.0011"
"1552","0.0005","0.0005","0.0005"
"1553","0.0008","0.0008","0.0008"
"1554","0.0007","0.0007","0.0007"
"1555","0.0007","0.0007","0.0007"
"1556","0.0006","0.0006","0.0006"
"1557","0.0007","0.0007","0.0007"
"1558","0.0006","0.0006","0.0006"
"1559","0.0008","0.0008","0.0008"
"1560","0.0006","0.0006","0.0006"
"1561","0.0006","0.0006","0.0006"
"1562","0.0006","0.0006","0.0006"
"1563","0.0009","0.0009","0.0009"
"1564","0.0006","0.0006","0.0006"
"1565","0.0006","0.0006","0.0006"
"1566","0.0007","0.0007","0.0007"
"1567","0.0004","0.0004","0.0004"
"1568","0.0005","0.0005","0.0005"
"1569","0.0005","0.0005","0.0005"
"1570","0.0005","0.0005","0.0005"
"1571","0.0007","0.0007","0.0007"
"1572","0.0006","0.0006","0.0006"
"1573","0.0005","0.0005","0.0005"
"1574","0.0005","0.0005","0.0005"
"1575","0.0009","0.0009","0.0009"
"1576","0.0006","0.0006","0.0006"
"1577","0.0005","0.0005","0.0005"
"1578","0.0008","0.0008","0.0008"
"1579","0.0004","0.0004","0.0004"
"1580","0.0007","0.0007","0.0007"
"1581","0.0006","0.0006","0.0006"
"1582","0.0006","0.0006","0.0006"
"1583","0.0009","0.0009","0.0009"
"1584","0.0004","0.0004","0.0004"
"1585","0.0011","0.0011","0.0011"
"1586","0.0007","0.0007","0.0007"
"1587","0.0006","0.0006","0.0006"
"1588","0.0006","0.0006","0.0006"
"1589","0.0007","0.0007","0.0007"
"1590","0.0007","0.0007","0.0007"
"1591","0.0006","0.0006","0.0006"
"1592","0.0005","0.0005","0.0005"
"1593","0.0008","0.0008","0.0008"
"1594","0.0007","0.0007","0.0007"
"1595","0.0009","0.0009","0.0009"
"1596","0.0005","0.0005","0.0005"
"1597","0.0004","0.0004","0.0004"
"1598","0.0004","0.0004","0.0004"
"1599","0.0005","0.0005","0.0005"
"1600","0.0008","0.0008","0.0008"
"1601","0.0008","0.0008","0.0008"
"1602","0.0008","0.0008","0.0008"
"1603","0.0007","0.0007","0.0007"
"1604","0.0003","0.0003","0.0003"
"1605","0.0005","0.0005","0.0005"
"1606","0.0008","0.0008","0.0008"
"1607","0.0006","0.0006","0.0006"
"1608","0.0006","0.0006","0.0006"
"1609","0.0008","0.0008","0.0008"
"1610","0.0006","0.0006","0.0006"
"1611","0.0005","0.0005","0.0005"
"1612","0.0007","0.0007","0.0007"
"1613","0.0003","0.0003","0.0003"
"1614","0.0008","0.0008","0.0008"
"1615","0.0005","0.0005","0.0005"
"1616","0.0007","0.0007","0.0007"
"1617","0.0007","0.0007","0.0007"
"1618","0.0007","0.0007","0.0007"
"1619","0.0012","0.0012","0.0012"
"1620","0.0006","0.0006","0.0006"
"1621","0.0006","0.0006","0.0006"
"1622","0.0005","0.0005","0.0005"
"1623","0.0007","0.0007","0.0007"
"1624","0.0007","0.0007","0.0007"
"1625","0.0003","0.0003","0.0003"
"1626","0.0005","0.0005","0.0005"
"1627","0.0011","0.0011","0.0011"
"1628","0.0006","0.0006","0.0006"
"1629","0.0006","0.0006","0.0006"
"1630","0.0007","0.0007","0.0007"
"1631","0.0005","0.0005","0.0005"
"1632","0.0006","0.0006","0.0006"
"1633","0.0006","0.0006","0.0006"
"1634","0.0004","0.0004","0.0004"
"1635","0.0006","0.0006","0.0006"
"1636","0.0005","0.0005","0.0005"
"1637","0.0005","0.0005","0.0005"
"1638","0.0005","0.0005","0.0005"
"1639","0.0008","0.0008","0.0008"
"1640","0.0008","0.0008","0.0008"
"1641","0.0006","0.0006","0.0006"
"1642","0.0009","0.0009","0.0009"
"1643","0.0006","0.0006","0.0006"
"1644","0.0008","0.0008","0.0008"
"1645","0.0007","0.0007","0.0007"
"1646","0.0007","0.0007","0.0007"
"1647","0.0005","0.0005","0.0005"
"1648","0.0006","0.0006","0.0006"
"1649","0.0007","0.0007","0.0007"
"1650","0.0007","0.0007","0.0007"
"1651","0.0005","0.0005","0.0005"
"1652","0.0005","0.0005","0.0005"
"1653","0.0006","0.0006","0.0006"
"1654","0.0007","0.0007","0.0007"
"1655","0.0006","0.0006","0.0006"
"1656","0.0005","0.0005","0.0005"
"1657","0.0006","0.0006","0.0006"
"1658","0.0009","0.0009","0.0009"
"1659","0.0006","0.0006","0.0006"
"1660","0.0009","0.0009","0.0009"
"1661","0.0005","0.0005","0.0005"
"1662","0.0007","0.0007","0.0007"
"1663","0.0004","0.0004","0.0004"
"1664","0.0006","0.0006","0.0006"
"1665","0.0005","0.0005","0.0005"
"1666","0.0007","0.0007","0.0007"
"1667","0.0005","0.0005","0.0005"
"1668","0.0007","0.0007","0.0007"
"1669","0.0007","0.0007","0.0007"
"1670","0.0008","0.0008","0.0008"
"1671","0.0006","0.0006","0.0006"
"1672","0.0006","0.0006","0.0006"
"1673","0.0007","0.0007","0.0007"
"1674","0.0005","0.0005","0.0005"
"1675","0.0005","0.0005","0.0005"
"1676","0.0009","0.0009","0.0009"
"1677","0.0007","0.0007","0.0007"
"1678","0.0007","0.0007","0.0007"
"1679","0.0007","0.0007","0.0007"
"1680","0.0006","0.0006","0.0006"
"1681","0.0007","0.0007","0.0007"
"1682","0.0007","0.0007","0.0007"
"1683","0.0009","0.0009","0.0009"
"1684","0.0008","0.0008","0.0008"
"1685","0.0008","0.0008","0.0008"
"1686","0.0007","0.0007","0.0007"
"1687","0.0004","0.0004","0.0004"
"1688","0.0007","0.0007","0.0007"
"1689","0.0006","0.0006","0.0006"
"1690","0.0004","0.0004","0.0004"
"1691","0.0004","0.0004","0.0004"
"1692","0.0005","0.0005","0.0005"
"1693","0.0004","0.0004","0.0004"
"1694","0.0007","0.0007","0.0007"
"1695","0.0006","0.0006","0.0006"
"1696","0.0004","0.0004","0.0004"
"1697","0.0006","0.0006","0.0006"
"1698","0.0009","0.0009","0.0009"
"1699","0.0003","0.0003","0.0003"
"1700","0.0007","0.0007","0.0007"
"1701","0.0006","0.0006","0.0006"
"1702","0.0007","0.0007","0.0007"
"1703","0.0008","0.0008","0.0008"
"1704","0.0007","0.0007","0.0007"
"1705","0.0009","0.0009","0.0009"
"1706","0.0008","0.0008","0.0008"
"1707","0.0004","0.0004","0.0004"
"1708","0.0005","0.0005","0.0005"
"1709","0.0007","0.0007","0.0007"
"1710","0.0006","0.0006","0.0006"
"1711","0.0007","0.0007","0.0007"
"1712","0.0007","0.0007","0.0007"
"1713","0.0005","0.0005","0.0005"
"1714","0.0006","0.0006","0.0006"
"1715","0.0005","0.0005","0.0005"
"1716","0.0005","0.0005","0.0005"
"1717","0.0007","0.0007","0.0007"
"1718","0.0006","0.0006","0.0006"
"1719","0.0007","0.0007","0.0007"
"1720","0.0009","0.0009","0.0009"
"1721","0.0004","0.0004","0.0004"
"1722","0.0007","0.0007","0.0007"
"1723","0.0003","0.0003","0.0003"
"1724","0.0005","0.0005","0.0005"
"1725","0.0007","0.0007","0.0007"
"1726","0.0006","0.0006","0.0006"
"1727","0.0005","0.0005","0.0005"
"1728","0.0009","0.0009","0.0009"
"1729","0.0007","0.0007","0.0007"
"1730","0.0004","0.0004","0.0004"
"1731","0.0004","0.0004","0.0004"
"1732","0.0007","0.0007","0.0007"
"1733","0.0008","0.0008","0.0008"
"1734","0.0006","0.0006","0.0006"
"1735","0.0005","0.0005","0.0005"
"1736","0.0009","0.0009","0.0009"
"1737","0.0005","0.0005","0.0005"
"1738","0.0008","0.0008","0.0008"
"1739","0.0007","0.0007","0.0007"
"1740","0.0005","0.0005","0.0005"
"1741","0.0005","0.0005","0.0005"
"1742","0.0007","0.0007","0.0007"
"1743","0.0007","0.0007","0.0007"
"1744","0.0005","0.0005","0.0005"
"1745","0.0006","0.0006","0.0006"
"1746","0.0007","0.0007","0.0007"
"1747","0.0007","0.0007","0.0007"
"1748","0.0004","0.0004","0.0004"
"1749","0.0008","0.0008","0.0008"
"1750","0.0006","0.0006","0.0006"
"1751","0.0004","0.0004","0.0004"
"1752","0.0007","0.0007","0.0007"
"1753","0.0006","0.0006","0.0006"
"1754","0.0007","0.0007","0.0007"
"1755","0.0006","0.0006","0.0006"
"1756","0.0005","0.0005","0.0005"
"1757","0.0007","0.0007","0.0007"
"1758","0.0007","0.0007","0.0007"
"1759","0.0006","0.0006","0.0006"
"1760","0.0005","0.0005","0.0005"
"1761","0.0008","0.0008","0.0008"
"1762","0.0006","0.0006","0.0006"
"1763","0.0005","0.0005","0.0005"
"1764","0.0006","0.0006","0.0006"
"1765","0.0006","0.0006","0.0006"
"1766","0.0008","0.0008","0.0008"
"1767","0.0007","0.0007","0.0007"
"1768","0.0007","0.0007","0.0007"
"1769","0.0004","0.0004","0.0004"
"1770","0.0005","0.0005","0.0005"
"1771","0.0006","0.0006","0.0006"
"1772","0.0005","0.0005","0.0005"
"1773","0.0008","0.0008","0.0008"
"1774","0.0006","0.0006","0.0006"
"1775","0.0007","0.0007","0.0007"
"1776","0.0006","0.0006","0.0006"
"1777","0.0006","0.0006","0.0006"
"1778","0.0008","0.0008","0.0008"
"1779","0.0008","0.0008","0.0008"
"1780","0.0006","0.0006","0.0006"
"1781","0.0007","0.0007","0.0007"
"1782","0.0007","0.0007","0.0007"
"1783","0.0004","0.0004","0.0004"
"1784","0.0005","0.0005","0.0005"
"1785","0.0006","0.0006","0.0006"
"1786","0.0004","0.0004","0.0004"
"1787","0.0007","0.0007","0.0007"
"1788","0.0007","0.0007","0.0007"
"1789","0.001","0.001","0.001"
"1790","0.0007","0.0007","0.0007"
"1791","0.0006","0.0006","0.0006"
"1792","0.0007","0.0007","0.0007"
"1793","0.0006","0.0006","0.0006"
"1794","0.0006","0.0006","0.0006"
"1795","0.0006","0.0006","0.0006"
"1796","0.001","0.001","0.001"
"1797","0.0006","0.0006","0.0006"
"1798","0.0004","0.0004","0.0004"
"1799","0.0007","0.0007","0.0007"